{
    "name": "MaleFlyToWalkRP",
    "calibration": {
        "frequency":6,
        "strideLength":0.8525,
        "strideMaxAt":75
    },
    "harmonics": {
        "Hips":{
            "pitchHarmonics":{
                "magnitudes":[
                    1.9746917013170309,
                    0.252839532262754,
                    0.17386826913324074,
                    0.1312260185730878
                ],
                "phaseAngles":[
                    3.141592653589793,
                    -2.922731006446975,
                    1.9905634063220605,
                    -0.7843858265574876
                ]
            },
            "yawHarmonics":{
                "magnitudes":[
                    0.09448571521782384,
                    0.49235926461710305,
                    0.06393513190053024,
                    0.056213461876877945
                ],
                "phaseAngles":[
                    3.141592653589793,
                    -1.7789742436752807,
                    0.7647725186273584,
                    -1.4250381981775133
                ]
            },
            "rollHarmonics":{
                "magnitudes":[
                    0.13989721037745875,
                    0.3908675916448216,
                    0.02392336066051256,
                    0.15002504226812474
                ],
                "phaseAngles":[
                    0,
                    2.818810229539762,
                    -2.0018538996153987,
                    0.6216963071300327
                ]
            },
            "swayHarmonics":{
                "magnitudes":[
                    0.11755829472199834,
                    0.39827884079013254,
                    0.11233120556992933,
                    0.1683989126154554
                ],
                "phaseAngles":[
                    3.141592653589793,
                    3.0183126755894896,
                    2.977773911456659,
                    -1.6507689485526387
                ]
            },
            "bobHarmonics":{
                "magnitudes":[
                    0.8495435146472927,
                    0.14342550619932443,
                    0.32421179493960095,
                    0.09751438927365357
                ],
                "phaseAngles":[
                    0,
                    -0.5043814510873319,
                    0.8540942032266352,
                    2.868931680783409
                ]
            },
            "thrustHarmonics":{
                "magnitudes":[
                    0.6099737012954712,
                    0.13535798084751596,
                    0.2772421019513647,
                    0.05340006008645514
                ],
                "phaseAngles":[
                    0,
                    -2.0985182575738914,
                    -2.934760612751087,
                    1.6845809265557106
                ]
            }
        },
        "LeftUpLeg":{
            "pitchHarmonics":{
                "magnitudes":[
                    0.6047540881605046,
                    0.4571907244051526,
                    0.17214992067330964,
                    0.07120055852321663
                ],
                "phaseAngles":[
                    0,
                    1.0251256302155178,
                    -1.0965463697746178,
                    -0.6049290789419457
                ]
            },
            "yawHarmonics":{
                "magnitudes":[
                    0.33891281880978663,
                    0.18618348459528952,
                    0.16357719622737416,
                    0.14339452967752334
                ],
                "phaseAngles":[
                    3.141592653589793,
                    -1.4492465941443107,
                    1.974300165910777,
                    1.0967328251724924
                ]
            },
            "rollHarmonics":{
                "magnitudes":[
                    0.2756109891767797,
                    0.4203764129822789,
                    0.034809664927535205,
                    0.11877882661990993
                ],
                "phaseAngles":[
                    3.141592653589793,
                    -0.33698402782210646,
                    1.201855772600279,
                    -2.4848628176059266
                ]
            }
        },
        "LeftLeg":{
            "pitchHarmonics":{
                "magnitudes":[
                    1.0634940154951364,
                    0.19432947538680106,
                    0.3145639339959574,
                    0.08397086540845265
                ],
                "phaseAngles":[
                    3.141592653589793,
                    2.376710574330373,
                    1.6860612848799754,
                    2.2779859152230344
                ]
            },
            "yawHarmonics":{
                "magnitudes":[
                    0.356751181039811,
                    0.30737159600218367,
                    0.1419055273463267,
                    0.10329620000359599
                ],
                "phaseAngles":[
                    0,
                    2.9886417594555907,
                    -1.7633844289303862,
                    0.14389946048744082
                ]
            },
            "rollHarmonics":{
                "magnitudes":[
                    1.0936704957324297,
                    0.2225974644947522,
                    0.21173415954692362,
                    0.07445899997331032
                ],
                "phaseAngles":[
                    3.141592653589793,
                    -1.1517388966947,
                    2.0465568723093392,
                    2.519534770516473
                ]
            }
        },
        "LeftFoot":{
            "pitchHarmonics":{
                "magnitudes":[
                    0.23617374521560702,
                    0.2617729037554208,
                    0.21165454358592373,
                    0.12880090251020498
                ],
                "phaseAngles":[
                    0,
                    3.0604125470156056,
                    0.9024621290120286,
                    0.21984950712654192
                ]
            },
            "yawHarmonics":{
                "magnitudes":[
                    0.18860691939061297,
                    0.4216853074526471,
                    0.031653915042066265,
                    0.085420136148947
                ],
                "phaseAngles":[
                    3.141592653589793,
                    0.9265037542897361,
                    -1.5624095989429068,
                    2.9635136163926528
                ]
            },
            "rollHarmonics":{
                "magnitudes":[
                    0.4008850127908354,
                    0.2587156236914752,
                    0.1763978419099891,
                    0.10986991071778146
                ],
                "phaseAngles":[
                    0,
                    -2.2917174620659346,
                    -2.4531094799759896,
                    2.6714291823059413
                ]
            }
        },
        "RightUpLeg":{
            "pitchHarmonics":{
                "magnitudes":[
                    0.7481119187331968,
                    0.38633088976141755,
                    0.19530058584928675,
                    0.040742484053609536
                ],
                "phaseAngles":[
                    0,
                    -2.498630882234232,
                    -1.2484999560628158,
                    1.1565700238526646
                ]
            },