{
    "name":"Walk",
    "calibration":{
        "frequency":6.28,
        "strideLength":0.8525,
        "strideMaxAt":75
    },
    "harmonics":{
        "Hips":{
            "pitchHarmonics":{
                "magnitudes":[
                    0,
                    1
                ],
                "phaseAngles":[
                    0,
                    0
                ],
                "numHarmonics":2
            },
            "yawHarmonics":{
                "magnitudes":[
                    0.41773,
                    0.39635,
                    0.03404,
                    0.0663
                ],
                "phaseAngles":[
                    0,
                    -1.66215,
                    -0.34284,
                    2.46701
                ],
                "numHarmonics":"2"
            },
            "bobHarmonics":{
                "magnitudes":[
                    -3.38943,
                    -0.02066,
                    -0.46515,
                    -0.0212,
                    -0.04888,
                    -0.04116,
                    -0.0464,
                    -0.02639
                ],
                "phaseAngles":[
                    0,
                    -1.78823,
                    0.24591,
                    1.75962,
                    1.08337,
                    2.34372,
                    3.02495,
                    2.63708
                ],
                "numHarmonics":"8"
            }
        },
        "LeftUpLeg":{
            "pitchHarmonics":{
                "magnitudes":[
                    0.75978,
                    1,
                    0.12872
                ],
                "phaseAngles":[
                    0,
                    -1.97874,
                    0.44219
                ],
                "numHarmonics":3
            }
        },
        "LeftLeg":{
            "pitchHarmonics":{
                "magnitudes":[
                    1,
                    0.3973,
                    0.19514,
                    0.07786,
                    0.03848,
                    0.00982,
                    0.00637,
                    0.00826
                ],
                "phaseAngles":[
                    3.14159,
                    -0.8446,
                    1.98986,
                    -1.19178,
                    2.06177,
                    -0.9115,
                    -2.48631,
                    1.05141
                ],
                "numHarmonics":8
            }
        },
        "LeftFoot":{
            "pitchHarmonics":{
                "magnitudes":[
                    1,
                    0.07208,
                    0.10075,
                    0.04497,
                    0.05329,
                    0.01545,
                    0.01193,
                    0.01097
                ],
                "phaseAngles":[
                    0,
                    -0.17972,
                    1.15157,
                    2.98577,
                    -1.903,
                    0.93044,
                    1.59126,
                    -2.11726
                ],
                "numHarmonics":8
            }
        },
        "RightUpLeg":{
            "pitchHarmonics":{
                "magnitudes":[
                    0.75978,
                    1,
                    0.12872
                ],
                "phaseAngles":[
                    0,
                    -1.97874,
                    0.44219
                ],
                "numHarmonics":3
            }
        },
        "RightLeg":{
            "pitchHarmonics":{
                "magnitudes":[
                    1,
                    0.3973,
                    0.19514,
                    0.07786,
                    0.03848,
                    0.00982,
                    0.00637,
                    0.00826
                ],
                "phaseAngles":[
                    3.14159,
                    -0.8446,
                    1.98986,
                    -1.19178,
                    2.06177,
                    -0.9115,
                    -2.48631,
                    1.05141
                ],
                "numHarmonics":8
            }
        },
        "RightFoot":{
            "pitchHarmonics":{
                "magnitudes":[
                    1,
                    0.07208,
                    0.10075,
                    0.04497,
                    0.05329,
                    0.01545,
                    0.01193,
                    0.01097
                ],
                "phaseAngles":[
                    0,
                    -0.17972,
                    1.15157,
                    2.98577,
                    -1.903,
                    0.93044,
                    1.59126,
                    -2.11726
                ],
                "numHarmonics":8
            }
        }
    },
    "joints":{
        "Hips":{
            "pitch":1.436,
            "yaw":1.5,
            "roll":2.44528,
            "pitchPhase":-90,
            "yawPhase":0,
            "rollPhase":-141.96226,
            "pitchOffset":4.455,
            "yawOffset":0,
            "rollOffset":0,
            "thrust":0.016,
            "bob":0.0283,
            "sway":0.0283,
            "thrustPhase":-88.98113,
            "bobPhase":91.69811,
            "swayPhase":47.208,
            "thrustOffset":0,
            "bobOffset":0,
            "swayOffset":0,
            "thrustFrequencyMultiplier":2
        },
        "LeftUpLeg":{
            "pitch":23.51985,
            "yaw":0.79245,
            "roll":0.66038,
            "pitchPhase":345.0566,
            "yawPhase":90.33962,
            "rollPhase":94.41509,
            "pitchOffset":11.256,
            "yawOffset":0,
            "rollOffset":0
        },
        "RightUpLeg":{
            "pitch":23.51985,
            "yaw":0.79245,
            "roll":0.66038,
            "pitchPhase":165.0566,
            "yawPhase":90.33962,
            "rollPhase":94.41509,
            "pitchOffset":11.256,
            "yawOffset":0,
            "rollOffset":0
        },
        "LeftLeg":{
            "pitch":64.51435,
            "yaw":0,
            "roll":0,
            "pitchPhase":340.98113,
            "yawPhase":4.75472,
            "rollPhase":93.0566,
            "pitchOffset":-20.52,
            "yawOffset":-6.11321,
            "rollOffset":0
        },
        "RightLeg":{
            "pitch":64.51435,
            "yaw":0,
            "roll":0,
            "pitchPhase":160.98113,
            "yawPhase":4.75472,
            "rollPhase":93.0566,
            "pitchOffset":-20.52,
            "yawOffset":6.11321,
            "rollOffset":0
        },
        "LeftFoot":{
            "pitch":120.55284,
            "yaw":1.43396,
            "roll":3.62264,
            "pitchPhase":345.73585,
            "yawPhase":12.9,
            "rollPhase":0,
            "pitchOffset":-4.05,
            "yawOffset":0,
            "rollOffset":0
        },
        "RightFoot":{
            "pitch":120.55284,
            "yaw":1.43396,
            "roll":3.62264,
            "pitchPhase":165.73585,
            "yawPhase":12.9,
            "rollPhase":0,
            "pitchOffset":-2.543,
            "yawOffset":0,
            "rollOffset":0
        },
        "LeftToeBase":{
            "pitch":20,
            "yaw":2,
            "roll":0,
            "pitchPhase":285.28302,
            "yawPhase":-51.4,
            "rollPhase":-77.1,
            "pitchOffset":22.523,
            "yawOffset":0,
            "rollOffset":0
        },
        "RightToeBase":{
            "pitch":20,
            "yaw":2,
            "roll":0,